Species,ThermalAffinity,BodySize,DepthRange,PLD,Diet,Aggregation,Position,ParentalMode,JPN_sp,AUS_sp,RMI_sp
Abudefduf bengalensis,tropical,17,5,22.5,Omnivore,schools,UpperBenthic,Nesters,0,1,0
Abudefduf notatus,tropical,17,11,22.5,Planktivore,schools,UpperBenthic,Nesters,0,1,0
Abudefduf septemfasciatus,tropical,23,3,23,Omnivore,groups,UpperBenthic,Nesters,0,1,0
Abudefduf sexfasciatus,tropical,19,19,21.5,Planktivore,schools,UpperBenthic,Nesters,1,1,0
Abudefduf vaigiensis,tropical,20,14,23,Planktivore,schools,UpperBenthic,Nesters,1,1,1
Abudefduf whitleyi,tropical,14,4,19.5,Planktivore,schools,UpperBenthic,Nesters,0,1,0
Acanthistius ocellatus,temperate,45,96,24.7,Predator,solitary,SubBenthic,scatterers,0,1,0
Acanthurus achilles,tropical,24,10,59.7,Herbivore,groups,Benthic,scatterers,0,0,1
Acanthurus albipectoralis,tropical,33,15,39.5,Planktivore,groups,ReefPelagic,scatterers,1,1,0
Acanthurus blochii,tropical,45,13,39.5,Herbivore,groups,UpperBenthic,scatterers,0,0,1
Acanthurus dussumieri,tropical,54,127,39.5,Detritivore,groups,ReefPelagic,scatterers,1,1,0
Acanthurus guttatus,tropical,26,8,39.5,Herbivore,schools,UpperBenthic,scatterers,0,0,1
Acanthurus japonicus,tropical,21,20,59.7,Herbivore,solitary,Benthic,scatterers,1,0,0
Acanthurus leucocheilus,tropical,45,37,59.7,Herbivore,solitary,UpperBenthic,scatterers,0,0,1
Acanthurus lineatus,tropical,38,2,39.5,Herbivore,groups,Benthic,scatterers,1,1,1
Acanthurus maculiceps,tropical,40,12,39.5,Herbivore,solitary,UpperBenthic,scatterers,1,0,0
Acanthurus mata,tropical,50,95,39.5,Planktivore,groups,ReefPelagic,scatterers,1,1,1
Acanthurus nigricans,tropical,21.3,66,59.7,Herbivore,solitary,Benthic,scatterers,0,1,1
Acanthurus nigricansxachilles,tropical,21.3,66,59.7,Herbivore,solitary,Benthic,scatterers,0,0,1
Acanthurus nigricauda,tropical,40,29,59.7,Herbivore,solitary,Benthic,scatterers,0,0,1
Acanthurus nigrofuscus,tropical,21,25,31,Herbivore,solitary,Benthic,scatterers,1,1,1
Acanthurus nigroris,tropical,25,89,59.7,Omnivore,solitary,Benthic,scatterers,0,0,1
Acanthurus olivaceus,tropical,35,43,59.65,Detritivore,solitary,UpperBenthic,scatterers,1,1,1
Acanthurus pyroferus,tropical,29,56,59.65,Herbivore,solitary,UpperBenthic,scatterers,1,1,1
Acanthurus sp.,tropical,35,120,59.65,Detritivore,solitary,UpperBenthic,scatterers,0,1,0
Acanthurus thompsoni,tropical,27,115,59.65,Planktivore,groups,UpperBenthic,scatterers,1,0,1
Acanthurus triostegus,tropical,27,90,47.4,Herbivore,groups,Benthic,scatterers,0,1,0
Acanthurus xanthopterus,tropical,70,99,59.65,Omnivore,schools,UpperBenthic,scatterers,0,0,1
Achoerodus viridis,subtropical,62,40,22.5,Predator,solitary,UpperBenthic,scatterers,0,1,0
Aethaloperca rogaa,tropical,60,47,29.6,Piscivore,solitary,SubBenthic,scatterers,0,1,1
Aetobatus narinari,tropical,330,79,0,Predator,solitary,Pelagic,Live bearers,1,1,1
Aluterus scriptus,tropical,110,117,28,Omnivore,pairs,UpperBenthic,scatterers,0,0,1
Amanses scopas,tropical,20,15,37,Omnivore,pairs,UpperBenthic,scatterers,1,1,1
Amblyglyphidodon aureus,tropical,13,42,16.5,Planktivore,solitary,UpperBenthic,Nesters,1,0,1
Amblyglyphidodon curacao,tropical,11,39,15.68,Planktivore,groups,CoralAssociated,Nesters,1,1,1
Amblyglyphidodon leucogaster,tropical,13,43,16.35,Predator,solitary,CoralAssociated,Nesters,1,0,1
Amblygobius phalaena,tropical,15,18,19.66,Omnivore,pairs,Demersal,Nesters,0,0,1
Amphiprion akindynos,subtropical,9,24,12.4,Omnivore,groups,Anemone,Nesters,0,1,0
Amphiprion clarkii,tropical,15,59,12.15,Planktivore,groups,Anemone,Nesters,1,0,0
Amphiprion latezonatus,subtropical,14,35,11.5,Omnivore,groups,Anemone,Nesters,0,1,0
Amphiprion melanopus,tropical,12,17,12.4,Planktivore,groups,Anemone,Nesters,1,1,1
Amphiprion ocellaris,tropical,11,12,10.8,Omnivore,groups,Anemone,Nesters,1,0,0
Amphiprion perideraion,tropical,10,37,14.3,Herbivore,groups,Anemone,Nesters,1,0,1
Amphiprion sandaracinos,tropical,1,17,14.3,Planktivore,groups,Anemone,Nesters,1,0,0
Amphiprion tricinctus,tropical,12,37,10.1,Omnivore,groups,Anemone,Nesters,0,0,1
Anampses caeruleopunctatus,tropical,42,27,25,Predator,solitary,UpperBenthic,scatterers,1,1,1
Anampses femininus,tropical,24,20,28.8,Predator,solitary,UpperBenthic,scatterers,0,1,0
Anampses geographicus,tropical,31,25,28.8,Predator,solitary,UpperBenthic,scatterers,0,1,0
Anampses melanurus,tropical,12,25,29.5,Predator,solitary,UpperBenthic,scatterers,1,1,1
Anampses meleagrides,tropical,22,57,29.5,Predator,solitary,UpperBenthic,scatterers,1,0,1
Anampses neoguinaicus,tropical,20,26,29.5,Predator,groups,UpperBenthic,scatterers,0,1,0
Anampses twistii,tropical,18,25,28.8,Predator,groups,UpperBenthic,scatterers,1,0,1
Anoplocapros inermis,subtropical,37,290,58,Omnivore,solitary,UpperBenthic,scatterers,0,1,0
Anyperodon leucogrammicus,tropical,65,75,29.6,Predator,solitary,Benthic,scatterers,0,0,1
Aphareus furca,tropical,70,121,45,Predator,solitary,UpperBenthic,scatterers,1,0,1
Aplodactylus lophodon,subtropical,45,10,300,Herbivore,solitary,Demersal,scatterers,0,1,0
Apogonichthyoides cathetogramma,tropical,12,15,24,Predator,solitary,Benthic,brooders,1,0,0
Apolemichthys trimaculatus,tropical,26,57,24.2,Predator,solitary,Benthic,scatterers,1,0,0
Aprion virescens,tropical,112,180,45,Predator,solitary,ReefPelagic,scatterers,1,1,1
Aptychotrema rostrata,temperate,100,40,0,Predator,solitary,Demersal,Live bearers,0,1,0
Argyrosomus japonicus,tropical,180,NA,33.7,Predator,solitary,UpperBenthic,scatterers,0,1,0
Arothron caeruleopunctatus,tropical,80,NA,40.8,Predator,solitary,Benthic,scatterers,0,1,0
Arothron hispidus,tropical,50,49,40.8,Omnivore,solitary,Benthic,scatterers,0,1,0
Arothron manilensis,tropical,31,10,40.8,Predator,solitary,Benthic,scatterers,0,1,0
Arothron meleagris,tropical,50,72,40.8,Omnivore,solitary,Benthic,NA,0,0,1
Arothron nigropunctatus,tropical,33,22,40.8,Predator,solitary,Benthic,scatterers,1,1,1
Arothron reticularis,tropical,45,24,40.8,Corrallivore,solitary,Benthic,scatterers,0,1,0
Arothron stellatus,tropical,120,55,40.8,Predator,solitary,Benthic,scatterers,0,1,0
Aspidontus dussumieri,tropical,12,19,24,Detritivore,solitary,Benthic,Nesters,0,1,0
Aspidontus taeniatus,tropical,11.5,24,24,Predator,solitary,UpperBenthic,Nesters,0,1,1
Asterropteryx atripes,subtropical,6,15,NA,Omnivore,solitary,Demersal,NA,1,0,0
Atypichthys strigatus,subtropical,25,NA,35,Planktivore,schools,ReefPelagic,scatterers,0,1,0
Aulostomus chinensis,tropical,80,119,93.3,Predator,solitary,ReefPelagic,scatterers,1,1,1
Austrolabrus maculatus,temperate,12,30,22.5,Predator,solitary,Benthic,scatterers,0,1,0
Balistapus undulatus,tropical,30,48,51.3,Omnivore,solitary,UpperBenthic,Nesters,1,1,1
Balistoides conspicillum,tropical,50,74,36.5,Predator,solitary,UpperBenthic,Nesters,1,1,0
Balistoides viridescens,tropical,75,49,51.3,Predator,solitary,NA,Nesters,1,0,1
Belonoperca chabanaudi,tropical,15,46,42,Predator,solitary,Benthic,NA,0,0,1
Bodianus axillaris,tropical,20,38,23,Predator,solitary,UpperBenthic,scatterers,1,1,1
Bodianus bilunulatus,tropical,55,157,66.8,Predator,solitary,UpperBenthic,scatterers,1,0,0
Bodianus diana,tropical,16.9,44,30.3,Predator,solitary,UpperBenthic,scatterers,0,1,0
Bodianus loxozonus,tropical,47,37,59.6,Predator,solitary,UpperBenthic,scatterers,1,0,0
Bodianus perditio,subtropical,80,110,59.6,Predator,solitary,UpperBenthic,scatterers,0,1,0
Brachaluteres jacksonianus,temperate,10,72,20,Herbivore,solitary,Benthic,scatterers,0,1,0
Brotula multibarbata,subtropical,100,649,NA,Predator,solitary,UpperBenthic,scatterers,1,0,0
Bryaninops natans,tropical,2.5,20,25,Planktivore,groups,CoralAssociated,demersal,0,0,1
Caesio caerulaurea,tropical,35,49,22,Planktivore,schools,ReefPelagic,scatterers,0,1,1
Caesio cuning,tropical,60,59,42,Planktivore,schools,ReefPelagic,scatterers,0,1,0
Caesio lunaris,tropical,40,50,42,Planktivore,schools,ReefPelagic,scatterers,0,1,0
Caesio sp.,tropical,40,NA,42,Planktivore,schools,ReefPelagic,scatterers,0,1,0
Caesio teres,tropical,40,45,22,Planktivore,schools,ReefPelagic,scatterers,0,0,1
Calotomus carolinus,tropical,54,70,29,Herbivore,solitary,Benthic,scatterers,1,0,1
Calotomus japonicus,subtropical,39,25,29,Herbivore,solitary,Benthic,scatterers,1,0,0
Cantherhines dumerilii,tropical,38,64,20,Predator,solitary,Benthic,scatterers,0,0,1
Cantherhines pardalis,tropical,25,18,20,Predator,pairs,Benthic,scatterers,1,1,1
Cantheschenia grandisquamis,temperate,26,29,37,Herbivore,pairs,Benthic,scatterers,0,1,0
Canthigaster axiologus,tropical,11,70,88.5,Predator,pairs,Benthic,NA,1,0,1
Canthigaster bennetti,tropical,10,14,88.5,Herbivore,solitary,AlgaeAssociated,Nesters,0,1,0
Canthigaster callisterna,temperate,23,250,18,Omnivore,pairs,Benthic,scatterers,0,1,0
Canthigaster compressa,tropical,12,23,88.5,Predator,pairs,Benthic,NA,0,0,1
Canthigaster coronata,tropical,11,159,18,Omnivore,pairs,Benthic,scatterers,1,1,0
Canthigaster rivulata,tropical,18,350,NA,Predator,pairs,Benthic,scatterers,1,0,0
Canthigaster sp.,tropical,11.5,NA,88.5,Omnivore,pairs,Benthic,NA,0,1,0
Canthigaster valentini,tropical,11,54,18,Omnivore,groups,Benthic,scatterers,1,1,0
Carangoides ferdau,tropical,70,59,57.6,Predator,groups,Pelagic,scatterers,0,1,1
Carangoides fulvoguttatus,tropical,120,NA,57.6,Piscivore,groups,Pelagic,scatterers,0,1,0
Carangoides plagiotaenia,tropical,50,198,57.6,Piscivore,solitary,Pelagic,scatterers,0,1,0
Carangoides sp.,tropical,60,190,57.6,Piscivore,solitary,Pelagic,scatterers,1,0,0
Caranx lugubris,tropical,100,NA,57.6,Piscivore,schools,Pelagic,scatterers,0,0,1
Caranx melampygus,tropical,117,190,57.6,Piscivore,solitary,Pelagic,scatterers,1,1,1
Caranx sexfasciatus,tropical,120,146,57.6,Piscivore,schools,Pelagic,scatterers,0,1,0
Caranx sp.,tropical,126.75,NA,57.6,Piscivore,solitary,Pelagic,scatterers,1,0,0
Carcharhinus amblyrhynchos,tropical,255,1000,0,Apex,schools,UpperBenthic,Live bearers,0,0,1
Carcharhinus melanopterus,tropical,200,55,0,Apex,solitary,UpperBenthic,Live bearers,0,0,1
Carcharias taurus,subtropical,320,190,0,Apex,solitary,ReefPelagic,Live bearers,0,1,0
Centropyge bicolor,tropical,15,24,31.5,Herbivore,pairs,Benthic,scatterers,1,1,1
Centropyge bispinosa,tropical,10,57,32,Omnivore,solitary,Benthic,scatterers,0,1,1
Centropyge ferrugata,tropical,10,24,38,Omnivore,solitary,Benthic,scatterers,1,0,0
Centropyge flavicauda,tropical,7.5,85,26.2,Herbivore,solitary,Benthic,scatterers,0,1,0
Centropyge flavissima,tropical,14,47,30,Herbivore,solitary,Benthic,scatterers,0,1,1
Centropyge flavXvrol,tropical,14,47,30,Herbivore,solitary,Benthic,scatterers,0,0,1
Centropyge heraldi,tropical,10,85,32,Herbivore,groups,Benthic,scatterers,1,0,1
Centropyge interrupta,temperate,15,48,38,Omnivore,pairs,SubBenthic,scatterers,1,0,0
Centropyge loriculus,tropical,15,45,38,Herbivore,groups,Benthic,scatterers,0,0,1
Centropyge tibicen,tropical,19,51,30.5,Herbivore,groups,Benthic,scatterers,1,1,0
Centropyge vrolikii,tropical,12,24,29,Herbivore,solitary,Benthic,scatterers,1,1,1
Cephalopholis argus,tropical,60,39,27.5,Predator,solitary,Benthic,scatterers,1,1,1
Cephalopholis boenak,tropical,30,63,31,Predator,solitary,Benthic,scatterers,0,1,0
Cephalopholis cyanostigma,tropical,40,49,24.3,Predator,solitary,Benthic,scatterers,1,1,0
Cephalopholis miniata,tropical,45,148,27.5,Predator,solitary,Benthic,scatterers,1,1,1
Cephalopholis sonnerati,tropical,57,130,31,Predator,solitary,Benthic,scatterers,1,0,0
Cephalopholis spiloparaea,tropical,30,93,31,Predator,solitary,Benthic,scatterers,0,0,1
Cephalopholis urodeta,tropical,28,59,24.3,Predator,solitary,Benthic,scatterers,1,0,1
Cetoscarus bicolor,tropical,90,29,37,Herbivore,solitary,UpperBenthic,scatterers,0,1,1
Cetoscarus ocellatus,tropical,80,29,37,Herbivore,solitary,UpperBenthic,scatterers,1,0,0
Chaenogobius gulosus,temperate,11.7,5,80,Planktivore,groups,Benthic,scatterers,1,0,0
Chaetodon argentatus,tropical,20,15,NA,Omnivore,pairs,Benthic,scatterers,1,0,0
Chaetodon aureofasciatus,tropical,12.5,10,35.5,Corrallivore,solitary,Benthic,scatterers,0,1,0
Chaetodon auriga,tropical,23,59,46.5,Corrallivore,solitary,Benthic,scatterers,1,1,1
Chaetodon auripes,subtropical,20,29,46.5,Predator,groups,Benthic,scatterers,1,0,0
Chaetodon baronessa,tropical,16,15,35.5,Corrallivore,pairs,CoralAssociated,scatterers,1,1,0
Chaetodon bennetti,tropical,20,29,46.5,Omnivore,pairs,Benthic,scatterers,1,0,1
Chaetodon citrinellus,tropical,13,35,50.5,Omnivore,pairs,Benthic,scatterers,1,1,1
Chaetodon ephippium,tropical,30,30,38.75,Predator,solitary,UpperBenthic,scatterers,1,0,1
Chaetodon flavirostris,tropical,20,28,47.27,Omnivore,solitary,Benthic,scatterers,0,1,0
Chaetodon guentheri,tropical,18,35,50.5,Omnivore,schools,UpperBenthic,scatterers,0,1,0
Chaetodon kleinii,tropical,15,57,56,Omnivore,solitary,Benthic,scatterers,1,1,1
Chaetodon lineolatus,tropical,30,169,54,Corrallivore,pairs,SubBenthic,scatterers,1,1,1
Chaetodon lunula,tropical,20,170,43,Predator,pairs,CoralAssociated,scatterers,1,1,1
Chaetodon lunulatus,tropical,14,27,39.3,Corrallivore,pairs,CoralAssociated,scatterers,1,1,1
Chaetodon melannotus,tropical,18,18,39.3,Corrallivore,pairs,CoralAssociated,scatterers,1,1,1
Chaetodon meyeri,tropical,20,23,46.5,Corrallivore,pairs,Benthic,scatterers,0,0,1
Chaetodon nippon,subtropical,15,25,NA,Omnivore,groups,Benthic,scatterers,1,0,0
Chaetodon ornatissimus,tropical,20,35,62.5,Corrallivore,pairs,Benthic,scatterers,1,0,1
Chaetodon oxycephalus,tropical,25,30,54,Corrallivore,solitary,Benthic,scatterers,1,0,0
Chaetodon plebeius,tropical,15,10,44,Corrallivore,pairs,Benthic,scatterers,1,1,0
Chaetodon punctatofasciatus,tropical,12,44,35,Omnivore,pairs,Benthic,scatterers,1,1,1
Chaetodon quadrimaculatus,tropical,16,41,47.27,Corrallivore,pairs,Benthic,scatterers,0,0,1
Chaetodon rafflesii,tropical,18,14,44.5,Predator,pairs,Benthic,scatterers,0,0,1
Chaetodon rainfordi,tropical,15,14,31.4,Omnivore,pairs,Benthic,scatterers,0,1,0
Chaetodon reticulatus,tropical,18,39,44.5,Omnivore,groups,Benthic,scatterers,0,0,1
Chaetodon semeion,tropical,26,48,43,Predator,pairs,UpperBenthic,scatterers,0,0,1
Chaetodon sp.,tropical,17,NA,35,Corrallivore,pairs,Benthic,scatterers,0,1,0
Chaetodon speculum,tropical,18,27,44.7,Predator,pairs,Benthic,scatterers,1,1,0
Chaetodon tricinctus,subtropical,15,12,NA,Omnivore,pairs,Benthic,scatterers,0,1,0
Chaetodon trifascialis,tropical,18,28,35.7,Corrallivore,pairs,Benthic,scatterers,1,1,1
Chaetodon ulietensis,tropical,15,28,41,Predator,solitary,UpperBenthic,scatterers,0,0,1
Chaetodon unimaculatus,tropical,20,59,35,Omnivore,pairs,Benthic,scatterers,1,1,1
Chaetodon vagabundus,tropical,23,25,42.26,Omnivore,pairs,Benthic,scatterers,1,1,1
Chaetodon wiebeli,tropical,19,21,NA,Omnivore,pairs,UpperBenthic,scatterers,1,0,0
Chaetodon xanthurus,tropical,14,44,35,Omnivore,pairs,Benthic,scatterers,0,1,1
Chaetodontoplus duboulayi,tropical,28,5,21.64,Predator,solitary,SubBenthic,scatterers,0,1,0
Chaetodontoplus meredithi,subtropical,25,40,22,Predator,solitary,Benthic,scatterers,0,1,0
Chaetodontoplus septentrionalis,tropical,22,10,23,Omnivore,solitary,SubBenthic,scatterers,1,0,0
Cheilinus chlorourus,tropical,45,29,27.1,Predator,groups,UpperBenthic,scatterers,0,0,1
Cheilinus fasciatus,tropical,40,56,25.7,Predator,solitary,UpperBenthic,scatterers,1,0,1
Cheilinus oxycephalus,tropical,25,39,27.1,Predator,pairs,Benthic,scatterers,0,0,1
Cheilinus trilobatus,tropical,45,29,29.6,Predator,solitary,UpperBenthic,scatterers,1,1,1
Cheilinus undulatus,tropical,229,99,34.3,Predator,solitary,UpperBenthic,scatterers,1,0,1
Cheilio inermis,tropical,50,29,56.1,Predator,solitary,AlgaeAssociated,scatterers,0,1,1
Cheilodactylus fuscus,temperate,65,30,307.5,Omnivore,groups,Benthic,scatterers,0,1,0
Cheilodactylus quadricornis,temperate,40,29,NA,Omnivore,solitary,Benthic,NA,1,0,0
Cheilodactylus spectabilis,temperate,100,50,100,Predator,solitary,Benthic,scatterers,0,1,0
Cheilodactylus vestitus,subtropical,35,25,300,Omnivore,solitary,Benthic,scatterers,0,1,0
Cheilodactylus zebra,temperate,35,29,NA,Predator,solitary,Benthic,NA,1,0,0
Cheilodactylus zonatus,tropical,45,29,NA,Predator,solitary,Benthic,scatterers,1,0,0
Cheilodipterus artus,tropical,18.7,155,16.3,Predator,groups,CoralAssociated,brooders,1,1,1
Cheilodipterus isostigmus,tropical,11,36,18.8,Predator,solitary,Benthic,brooders,0,0,1
Cheilodipterus macrodon,tropical,25,40,16.3,Predator,solitary,Benthic,brooders,0,0,1
Cheilodipterus quinquelineatus,tropical,13,40,18.8,Predator,groups,Benthic,brooders,1,0,1
Chelmon rostratus,tropical,20,24,26.25,Predator,solitary,Benthic,scatterers,0,1,0
Chelmonops truncatus,temperate,22,70,26.25,Omnivore,solitary,Benthic,scatterers,0,1,0
Chilomycterus reticulatus,tropical,70,80,448,Predator,solitary,Benthic,scatterers,0,1,1
Chironemus marmoratus,subtropical,40,30,300,Predator,solitary,Benthic,scatterers,0,1,0
Chlorurus bleekeri,tropical,49,22,40,Herbivore,groups,UpperBenthic,scatterers,1,0,1
Chlorurus bowersi,tropical,40,18,NA,Herbivore,solitary,UpperBenthic,scatterers,1,0,0
Chlorurus frontalis,tropical,50,30,40,Herbivore,groups,UpperBenthic,scatterers,1,0,1
Chlorurus japanensis,tropical,31,19,40,Herbivore,groups,UpperBenthic,scatterers,1,0,1
Chlorurus microrhinos,tropical,70,14,37,Herbivore,groups,UpperBenthic,scatterers,1,1,1
Chlorurus sordidus,tropical,40,50,30,Herbivore,solitary,UpperBenthic,scatterers,1,1,1
Choerodon azurio,subtropical,40,42,27,Predator,solitary,UpperBenthic,scatterers,1,0,0
Choerodon cephalotes,tropical,38,NA,27,Predator,solitary,UpperBenthic,scatterers,0,1,0
Choerodon fasciatus,subtropical,30,30,20,Predator,solitary,UpperBenthic,scatterers,1,1,0
Choerodon graphicus,tropical,51.5,19,27,Predator,solitary,UpperBenthic,scatterers,0,1,0
Chromis acares,tropical,4,35,27,Planktivore,schools,UpperBenthic,Nesters,0,0,1
Chromis agilis,tropical,10,62,32.7,Planktivore,groups,UpperBenthic,Nesters,1,0,1
Chromis alleni,temperate,6.5,20,NA,Planktivore,groups,Benthic,Nesters,1,0,0
Chromis alpha,tropical,12,83,30,Planktivore,groups,UpperBenthic,Nesters,0,0,1
Chromis amboinensis,tropical,10,65,22,Planktivore,groups,Benthic,Nesters,0,0,1
Chromis analis,tropical,17,134,NA,Planktivore,solitary,Benthic,Nesters,1,0,0
Chromis atripectoralis,tropical,12,28,19,Planktivore,schools,Benthic,Nesters,0,1,1
Chromis atripes,tropical,9,15,30,Planktivore,solitary,UpperBenthic,Nesters,1,0,1
Chromis chrysura,tropical,14,39,23.5,Planktivore,solitary,Benthic,Nesters,1,1,0
Chromis flavipectoralis,tropical,8,13,30,Planktivore,solitary,Benthic,Nesters,1,0,0
Chromis flavomaculata,subtropical,16,34,37,Planktivore,schools,UpperBenthic,Nesters,1,1,0
Chromis fumea,tropical,10,69,NA,Planktivore,solitary,Benthic,Nesters,1,0,0
Chromis hypsilepis,subtropical,16,43,37,Planktivore,schools,UpperBenthic,Nesters,0,1,0
Chromis lepidolepis,tropical,9,41,31.5,Planktivore,groups,UpperBenthic,Nesters,1,1,1
Chromis lineata,tropical,7,33,33.75,Planktivore,schools,UpperBenthic,Nesters,0,0,1
Chromis margaritifer,tropical,9,18,31.8,Planktivore,solitary,UpperBenthic,Nesters,1,1,1
Chromis nitida,subtropical,7,20,27,Planktivore,schools,UpperBenthic,Nesters,0,1,0
Chromis notata,subtropical,17,13,NA,Planktivore,schools,UpperBenthic,Nesters,1,0,0
Chromis opercularis,tropical,17,36,31.2,Planktivore,schools,UpperBenthic,Nesters,0,1,0
Chromis ovatiformis,subtropical,10,30,NA,Planktivore,solitary,Benthic,Nesters,1,0,0
Chromis sp.,tropical,10,38,NA,Planktivore,NA,Benthic,Nesters,1,0,0
Chromis ternatensis,tropical,10,34,28.5,Planktivore,schools,Benthic,Nesters,1,1,1
Chromis vanderbilti,tropical,4.5,18,33.55,Planktivore,groups,UpperBenthic,Nesters,1,1,1
Chromis viridis,tropical,8,11,23.97,Planktivore,schools,UpperBenthic,Nesters,1,1,1
Chromis weberi,tropical,13.5,37,31.2,Planktivore,schools,UpperBenthic,Nesters,1,1,0
Chromis xanthochira,tropical,14,38,28.2,Planktivore,groups,UpperBenthic,Nesters,1,1,0
Chromis xanthura,tropical,17,37,28.2,Planktivore,groups,UpperBenthic,Nesters,1,1,1
Chrysiptera biocellata,tropical,12.5,5,18.4,Herbivore,solitary,Benthic,Nesters,0,0,1
Chrysiptera brownriggii,tropical,8,12,22.13,Omnivore,groups,Benthic,Nesters,0,0,1
Chrysiptera flavipinnis,tropical,8,35,19,Planktivore,groups,UpperBenthic,Nesters,0,1,0
Chrysiptera glauca,tropical,11,3,17.5,Herbivore,groups,Benthic,Nesters,0,0,1
Chrysiptera notialis,subtropical,9,38,45,Planktivore,solitary,UpperBenthic,Nesters,0,1,0
Chrysiptera rex,tropical,7,19,19.78,Planktivore,solitary,Benthic,Nesters,1,1,0
Chrysiptera rollandi,tropical,7.5,33,19.76,Planktivore,solitary,Benthic,Nesters,0,1,0
Chrysiptera springeri,tropical,5.5,26,17,Omnivore,solitary,Benthic,Nesters,0,1,0
Chrysiptera starcki,tropical,7,40,NA,Omnivore,solitary,Benthic,Nesters,1,0,0
Chrysiptera traceyi,tropical,6,35,23,Omnivore,solitary,Benthic,Nesters,0,0,1
Chrysiptera unimaculata,tropical,11,3,21.5,Herbivore,solitary,Benthic,Nesters,0,1,1
Cirrhilabrus balteatus,tropical,10,15,27.3,Planktivore,groups,UpperBenthic,scatterers,0,0,1
Cirrhilabrus cyanopleura,tropical,15,28,NA,Planktivore,groups,UpperBenthic,scatterers,1,0,0
Cirrhilabrus exquisitus,tropical,12,5,27.3,Planktivore,groups,UpperBenthic,scatterers,0,0,1
Cirrhilabrus johnsoni,tropical,9,10,27,Planktivore,solitary,UpperBenthic,scatterers,0,0,1
Cirrhilabrus katherinae,tropical,7.1,30,27.3,Planktivore,groups,UpperBenthic,scatterers,0,1,1
Cirrhilabrus katoi,temperate,7.5,20,NA,Planktivore,groups,UpperBenthic,scatterers,1,0,0
Cirrhilabrus luteovittatus,tropical,12,23,25.55,Planktivore,groups,UpperBenthic,scatterers,0,0,1
Cirrhilabrus punctatus,tropical,13,33,21.1,Planktivore,groups,UpperBenthic,scatterers,1,1,0
Cirrhilabrus rubrimarginatus,tropical,12.2,27,NA,Planktivore,solitary,UpperBenthic,scatterers,1,0,0
Cirrhilabrus sp.,tropical,8.5,35,27.3,Planktivore,groups,UpperBenthic,scatterers,1,0,1
Cirrhilabrus temminckii,tropical,9.9,25,28,Planktivore,groups,UpperBenthic,scatterers,1,0,0
Cirrhitichthys aprinus,tropical,12.5,35,51,Predator,solitary,Benthic,scatterers,1,1,1
Cirrhitichthys falco,tropical,7,42,49.7,Predator,solitary,Benthic,scatterers,0,1,0
Cirrhitichthys oxycephalus,tropical,10,39,51,Predator,solitary,Benthic,scatterers,1,1,1
Coradion altivelis,tropical,18,27,23.5,Omnivore,pairs,Benthic,scatterers,0,1,0
Coradion chrysozonus,tropical,15,57,23.5,Omnivore,pairs,Benthic,scatterers,0,1,0
Coris aurilineata,temperate,14,7,29,Predator,solitary,UpperBenthic,scatterers,0,1,0
Coris aygula,tropical,120,28,51.5,Predator,solitary,UpperBenthic,scatterers,1,1,1
Coris batuensis,tropical,17,28,27.55,Predator,solitary,SandAssociated,scatterers,1,1,1
Coris dorsomacula,tropical,38,38,46.2,Predator,solitary,UpperBenthic,scatterers,1,1,0
Coris gaimard,tropical,40,49,45.7,Predator,solitary,UpperBenthic,scatterers,1,1,1
Coris picta,subtropical,25,22,46.2,Predator,groups,UpperBenthic,scatterers,0,1,0
Coris sandeyeri,temperate,25,60,29,Predator,solitary,UpperBenthic,scatterers,0,1,0
Ctenochaetus binotatus,tropical,22,45,58.5,Detritivore,solitary,Benthic,scatterers,1,1,1
Ctenochaetus cyanocheilus,tropical,16,45,43.87,Herbivore,solitary,Benthic,scatterers,1,1,1
Ctenochaetus hawaiiensis,tropical,25,60,43.87,Herbivore,pairs,Benthic,scatterers,0,0,1
Ctenochaetus marginatus,tropical,25,16,31,Herbivore,groups,Benthic,scatterers,0,0,1
Ctenochaetus sp.,tropical,25,60,58.5,Detritivore,solitary,Benthic,scatterers,0,1,0
Ctenochaetus striatus,tropical,26,34,43.87,Detritivore,solitary,Benthic,scatterers,1,1,1
Cymolutes praetextatus,tropical,20,8,71,Predator,solitary,AlgaeAssociated,NA,0,0,1
Cymolutes torquatus,tropical,20,18,71,Predator,solitary,AlgaeAssociated,NA,0,1,0
Cynoglossus puncticeps,tropical,35,139,NA,Predator,solitary,SandAssociated,scatterers,1,0,0
Cyprinocirrhites polyactis,tropical,16,122,49.7,Planktivore,solitary,UpperBenthic,scatterers,0,1,0
Dascyllus aruanus,tropical,10,20,21.2,Omnivore,groups,CoralAssociated,Nesters,0,0,1
Dascyllus auripinnis,tropical,11.5,30,24.5,Planktivore,groups,Anemone,Nesters,0,0,1
Dascyllus reticulatus,tropical,9,49,22.7,Planktivore,groups,CoralAssociated,Nesters,1,1,1
Dascyllus trimaculatus,tropical,11,54,28,Planktivore,groups,Anemone,Nesters,1,1,1
Dasyatis brevicaudata,temperate,430,476,0,Predator,solitary,Demersal,Live bearers,0,1,0
Decapterus macarellus,subtropical,46,60,50,Planktivore,schools,Pelagic,scatterers,0,0,1
Dendrochirus zebra,tropical,25,77,32.5,Predator,solitary,Benthic,scatterers,1,1,0
Diademichthys lineatus,tropical,5,17,NA,Predator,solitary,EchinodermAssociated,NA,1,0,0
Diagramma labiosum,tropical,90,NA,20,Predator,schools,UpperBenthic,scatterers,0,1,0
Diagramma pictum,tropical,100,49,20,Predator,groups,Benthic,scatterers,1,1,0
Dicotylichthys punctulatus,subtropical,40,50,448,Predator,solitary,UpperBenthic,scatterers,0,1,0
Diodon holocanthus,subtropical,50,198,448,Predator,solitary,UpperBenthic,scatterers,1,1,0
Diodon hystrix,tropical,91,48,448,Predator,solitary,UpperBenthic,scatterers,0,1,0
Diodon liturosus,tropical,65,89,448,Predator,solitary,UpperBenthic,scatterers,1,1,0
Diploprion bifasciatum,tropical,25,99,42,Predator,pairs,UpperBenthic,scatterers,0,1,0
Discotrema crinophilum,tropical,5,19,NA,Omnivore,pairs,EchinodermAssociated,NA,1,0,0
Echeneis naucrates,tropical,110,84,40,Predator,solitary,Pelagic,scatterers,0,1,0
Echidna nebulosa,tropical,100,47,NA,Predator,solitary,Demersal,scatterers,1,0,0
Ecsenius bicolor,tropical,11,24,24,Herbivore,pairs,Benthic,Nesters,0,1,0
Ecsenius lineatus,tropical,9,27,NA,Herbivore,solitary,Demersal,Nesters,1,0,0
Ecsenius namiyei,tropical,11,29,NA,Herbivore,solitary,Demersal,Nesters,1,0,0
Ecsenius opsifrontalis,tropical,5,NA,24,Herbivore,solitary,Demersal,Nesters,0,0,1
Ecsenius yaeyamaensis,tropical,6,15,NA,Herbivore,groups,Demersal,Nesters,1,0,0
Elagatis bipinnulata,tropical,180,150,57.6,Piscivore,schools,Pelagic,scatterers,0,1,0
Enchelycore pardalis,subtropical/tropical,92,52,NA,Piscivore,solitary,Demersal,NA,1,0,0
Enoplosus armatus,temperate,50,90,28,Predator,pairs,UpperBenthic,scatterers,0,1,0
Epibulus insidiator,tropical,54,41,30.4,Predator,solitary,UpperBenthic,scatterers,1,1,1
Epinephelus akaara,tropical,58,54,56,Predator,solitary,Benthic,scatterers,1,0,0
Epinephelus areolatus,tropical,47,194,NA,Predator,solitary,Benthic,scatterers,1,0,0
Epinephelus coioides,subtropical,120,99,41,Predator,solitary,Benthic,scatterers,0,1,0
Epinephelus cyanopodus,tropical,122,148,41,Predator,solitary,Benthic,scatterers,0,1,1
Epinephelus daemelii,subtropical,200,50,25.2,Predator,solitary,Benthic,scatterers,0,1,0
Epinephelus fasciatus,tropical,40,156,30,Predator,solitary,Benthic,scatterers,1,1,0
Epinephelus fuscoguttatus,tropical,120,59,30,Predator,solitary,Benthic,scatterers,0,1,1
Epinephelus hexagonatus,tropical,27.5,30,24.7,Predator,solitary,Benthic,scatterers,1,1,1
Epinephelus maculatus,tropical,60.5,98,24.7,Predator,solitary,Benthic,scatterers,1,0,1
Epinephelus malabaricus,tropical,236,150,25.2,Predator,solitary,Benthic,scatterers,1,1,0
Epinephelus merra,tropical,31,50,29.6,Predator,solitary,Benthic,scatterers,1,1,1
Epinephelus ongus,tropical,40,40,29.6,Predator,solitary,SubBenthic,scatterers,0,1,1
Epinephelus polyphekadion,tropical,90,45,25.2,Predator,solitary,Benthic,scatterers,0,0,1
Epinephelus quoyanus,tropical,40,50,41,Predator,solitary,Benthic,scatterers,0,1,0
Epinephelus sp.,tropical,35,160,24.7,Predator,solitary,Benthic,scatterers,0,0,1
Epinephelus spilotoceps,tropical,35,30,24.7,Predator,solitary,Benthic,scatterers,0,0,1
Epinephelus undulatostriatus,temperate,61,70,41,Predator,solitary,UpperBenthic,scatterers,0,1,0
Eubalichthys mosaicus,temperate,60,140,37,Herbivore,solitary,Benthic,scatterers,0,1,0
Eupetrichthys angustipes,temperate,12,17,22.5,Predator,pairs,Benthic,scatterers,0,1,0
Eviota sebreei,tropical,2.5,40,25,NA,groups,Demersal,NA,0,0,1
Exallias brevis,tropical,14.5,17,24,Corrallivore,solitary,CoralAssociated,Nesters,0,1,1
Fistularia commersonii,tropical,160,132,46,Predator,solitary,UpperBenthic,scatterers,1,1,1
Forcipiger flavissimus,tropical,22,143,50.7,Corrallivore,solitary,Benthic,scatterers,1,1,1
Forcipiger longirostris,tropical,22,197,49,Predator,solitary,Benthic,scatterers,1,0,1
Gerres oyena,tropical,30,20,NA,Omnivore,groups,Benthic,scatterers,1,0,0
Girella elevata,subtropical,62,25,35,Herbivore,schools,UpperBenthic,scatterers,0,1,0
Girella leonina,temperate,46,14,36,Herbivore,schools,UpperBenthic,scatterers,1,0,0
Girella mezina,temperate,45,20,NA,Omnivore,schools,UpperBenthic,scatterers,1,0,0
Girella punctata,temperate,50,20,36,Omnivore,schools,UpperBenthic,scatterers,1,0,0
Girella tricuspidata,temperate,70,20,35,Herbivore,schools,UpperBenthic,scatterers,0,1,0
Glaucosoma scapulare,tropical,70,90,46,Piscivore,schools,UpperBenthic,scatterers,0,1,0
Gnathanodon speciosus,tropical,120,80,57.6,Predator,solitary,Pelagic,scatterers,0,1,0
Gnathodentex aureolineatus,tropical,30,27,40,Predator,groups,UpperBenthic,scatterers,1,1,1
Gobiodon okinawae,tropical,3.5,13,36,Predator,groups,CoralAssociated,NA,0,0,1
Gomphosus varius,tropical,30,34,56.6,Predator,solitary,UpperBenthic,scatterers,1,1,1
Gracila albomarginata,tropical,40,114,NA,Predator,solitary,Benthic,scatterers,0,0,1
Grammistes sexlineatus,tropical,30,129,42,Predator,solitary,UpperBenthic,scatterers,1,1,0
Gymnocranius microdon,tropical,45,35,40,Predator,solitary,SandAssociated,NA,0,0,1
Gymnothorax eurostus,subtropical,60,73,80,Predator,solitary,Demersal,scatterers,1,1,0
Gymnothorax flavimarginatus,tropical,240,149,80,Predator,solitary,Demersal,NA,0,0,1
Gymnothorax isingteena,tropical,180,27,80,Predator,solitary,Demersal,scatterers,1,0,0
Gymnothorax kidako,tropical,91.5,348,80,Predator,solitary,Demersal,scatterers,1,0,0
Gymnothorax prasinus,temperate,92,NA,80,Predator,solitary,Demersal,NA,0,1,0
Gymnothorax thyrsoideus,tropical,66,15,80,Predator,solitary,Demersal,scatterers,0,1,0
Halichoeres biocellatus,tropical,12,29,24,Predator,solitary,UpperBenthic,scatterers,1,1,1
Halichoeres bleekeri,temperate,12.2,NA,24,Predator,solitary,Benthic,scatterers,1,0,0
Halichoeres chrysus,tropical,12,68,26,Predator,groups,UpperBenthic,scatterers,0,1,1
Halichoeres hortulanus,tropical,27,29,32.5,Predator,solitary,UpperBenthic,scatterers,1,1,1
Halichoeres margaritaceus,tropical,12.5,5,22,Predator,solitary,UpperBenthic,scatterers,1,1,0
Halichoeres marginatus,tropical,18,30,22.2,Predator,solitary,Benthic,scatterers,1,1,1
Halichoeres melanochir,tropical,18,20,21.1,Predator,solitary,NA,scatterers,1,0,0
Halichoeres melanurus,tropical,12,14,24.53,Predator,solitary,UpperBenthic,scatterers,0,1,1
Halichoeres miniatus,tropical,14,9,23,Predator,groups,UpperBenthic,scatterers,0,0,1
Halichoeres nebulosus,subtropical,12,39,23.9,Predator,groups,UpperBenthic,scatterers,1,1,0
Halichoeres nigrescens,subtropical,14,7,25,Predator,solitary,UpperBenthic,scatterers,1,1,0
Halichoeres prosopeion,tropical,13,38,21.5,Predator,solitary,UpperBenthic,scatterers,0,1,0
Halichoeres richmondi,tropical,19,14,20.8,Predator,groups,UpperBenthic,scatterers,0,0,1
Halichoeres scapularis,tropical,20,19,24.4,Predator,solitary,Benthic,scatterers,0,0,1
Halichoeres sp.,tropical,16,60,23,Predator,solitary,UpperBenthic,scatterers,0,1,0
Halichoeres trimaculatus,tropical,27,28,26.8,Predator,groups,SandAssociated,NA,0,0,1
Hemigymnus fasciatus,tropical,80,24,26.5,Predator,solitary,UpperBenthic,scatterers,1,1,1
Hemigymnus melapterus,tropical,90,29,24.5,Predator,solitary,UpperBenthic,scatterers,1,1,1
Hemitaurichthys polylepis,tropical,18,57,49,Planktivore,schools,UpperBenthic,scatterers,0,0,1
Heniochus acuminatus,tropical,25,73,40.83,Planktivore,schools,Benthic,scatterers,0,1,0
Heniochus chrysostomus,tropical,18,38,32.7,Corrallivore,pairs,Benthic,scatterers,1,1,1
Heniochus diphreutes,subtropical/tropical,21,205,32,Planktivore,schools,Benthic,scatterers,0,1,0
Heniochus monoceros,tropical,24,28,44,Predator,pairs,SubBenthic,scatterers,1,0,1
Heniochus singularius,tropical,30,248,44,Corrallivore,solitary,SubBenthic,scatterers,0,1,1
Heniochus varius,tropical,19,28,44,Corrallivore,solitary,SubBenthic,scatterers,1,0,1
Heteroconger hassi,tropical,40,45,160.333333333333,Planktivore,schools,Demersal,NA,0,0,1
Heterodontus portusjacksoni,subtropical,165,275,0,Predator,solitary,Demersal,Live bearers,0,1,0
Hipposcarus longiceps,tropical,60,38,29,Herbivore,groups,UpperBenthic,scatterers,1,0,1
Hologymnosus annulatus,tropical,40,32,25,Predator,solitary,UpperBenthic,scatterers,1,1,0
Hologymnosus doliatus,tropical,50,34,25,Predator,solitary,UpperBenthic,scatterers,1,1,0
Hologymnosus sp.,tropical,45,39,25,Predator,solitary,UpperBenthic,scatterers,0,1,0
Hoplolatilus cuniculus,tropical,16,90,NA,Planktivore,pairs,Demersal,scatterers,1,0,0
Hypnos monopterugius,temperate,70,235,0,Predator,solitary,Demersal,Live bearers,0,1,0
Hypoplectrodes maccullochi,subtropical,45,40,19.1,Predator,solitary,Benthic,scatterers,0,1,0
Istigobius diadema,tropical,10,6,25,Omnivore,solitary,Demersal,Nesters,1,0,0
Koumansetta rainfordi,tropical,8.5,28,40.3,Herbivore,solitary,Demersal,Nesters,0,0,1
Kyphosus bigibbus,tropical,75,43,60,Herbivore,schools,UpperBenthic,scatterers,0,0,1
Kyphosus cinerascens,tropical,50,44,60,Herbivore,schools,UpperBenthic,scatterers,1,0,1
Kyphosus sp.,NA,60,44,60,Herbivore,schools,UpperBenthic,scatterers,1,0,0
Kyphosus sydneyanus,temperate,80,19,60,Herbivore,schools,ReefPelagic,scatterers,0,1,0
Kyphosus vaigiensis,tropical,70,40,60,Herbivore,schools,UpperBenthic,scatterers,1,0,1
Labracinus cyclophthalmus,tropical,23.5,18,NA,Predator,groups,Benthic,NA,1,0,0
Labrichthys unilineatus,tropical,17.5,20,20.5,Corrallivore,solitary,UpperBenthic,scatterers,1,1,1
Labroides bicolor,tropical,15,38,24.5,Omnivore,solitary,UpperBenthic,scatterers,1,1,1
Labroides dimidiatus,tropical,14,39,23.16,Predator,solitary,UpperBenthic,scatterers,1,1,1
Labroides pectoralis,tropical,11,28,26.8,Predator,pairs,UpperBenthic,scatterers,0,0,1
Labropsis alleni,tropical,10,48,23.16,Corrallivore,solitary,UpperBenthic,scatterers,0,0,1
Labropsis australis,tropical,10.5,53,22,Corrallivore,groups,UpperBenthic,scatterers,0,1,0
Labropsis manabei,tropical,10,25,22,Corrallivore,groups,UpperBenthic,scatterers,1,0,0
Labropsis micronesica,tropical,12,26,22,Corrallivore,solitary,UpperBenthic,scatterers,0,0,1
Labropsis xanthonota,tropical,13,48,30.5,Corrallivore,solitary,UpperBenthic,scatterers,1,0,1
Lactoria diaphana,subtropical,34,42,40,Predator,groups,Benthic,scatterers,1,0,0
Lactoria fornasini,tropical,23,127,40,Omnivore,groups,Benthic,scatterers,1,0,0
Lateolabrax japonicus,subtropical,102,15,48,Predator,NA,UpperBenthic,scatterers,1,0,0
Latropiscis purpurissatus,subtropical,60,95,50,Predator,solitary,Benthic,scatterers,0,1,0
Lepidozygus tapeinosoma,tropical,10,29,23,Planktivore,groups,CoralAssociated,Nesters,0,0,1
Leptojulis cyanopleura,tropical,13,71,42.4,Omnivore,solitary,UpperBenthic,scatterers,0,1,0
Lethrinus erythracanthus,tropical,70,105,26.6,Predator,solitary,UpperBenthic,scatterers,0,0,1
Lethrinus erythropterus,tropical,50,23,32.7,Predator,solitary,UpperBenthic,scatterers,0,0,1
Lethrinus harak,tropical,50,20,28,Predator,solitary,UpperBenthic,scatterers,0,0,1
Lethrinus microdon,tropical,80,70,31,Predator,solitary,UpperBenthic,scatterers,0,1,0
Lethrinus miniatus,tropical,90,25,26.6,Predator,solitary,UpperBenthic,scatterers,0,1,0
Lethrinus nebulosus,tropical,87,65,32.7,Predator,solitary,UpperBenthic,scatterers,1,1,0
Lethrinus obsoletus,tropical,60,30,25.7,Predator,solitary,UpperBenthic,scatterers,1,1,1
Lethrinus olivaceus,tropical,100,184,30,Predator,solitary,UpperBenthic,scatterers,0,0,1
Lethrinus sp.,tropical,60,100,26.6,Predator,solitary,UpperBenthic,scatterers,0,1,0
Lethrinus xanthochilus,tropical,70,145,26.7,Predator,solitary,UpperBenthic,scatterers,1,0,1
Lotilia graciliosa,tropical,4.5,35,NA,Predator,solitary,Demersal,NA,0,0,1
Lutjanus adetii,subtropical,50,20,40,Predator,schools,UpperBenthic,scatterers,0,1,0
Lutjanus argentimaculatus,subtropical/tropical,150,119,35,Predator,solitary,UpperBenthic,scatterers,0,1,0
Lutjanus bohar,tropical,90,176,35,Predator,groups,UpperBenthic,scatterers,1,1,1
Lutjanus carponotatus,tropical,40,79,35,Predator,solitary,UpperBenthic,scatterers,0,1,0
Lutjanus decussatus,tropical,35,33,NA,Predator,schools,NA,scatterers,1,0,0
Lutjanus ehrenbergii,tropical,35,15,23.26,Predator,schools,UpperBenthic,scatterers,0,0,1
Lutjanus fulviflamma,tropical,35,32,23.26,Predator,solitary,UpperBenthic,scatterers,0,1,0
Lutjanus fulvus,tropical,40,74,27.7,Predator,solitary,UpperBenthic,scatterers,1,0,1
Lutjanus gibbus,tropical,50,149,54,Predator,schools,UpperBenthic,scatterers,1,1,1
Lutjanus johnii,tropical,97,75,40,Predator,schools,UpperBenthic,scatterers,1,1,0
Lutjanus kasmira,tropical,40,262,31,Predator,schools,UpperBenthic,scatterers,1,1,1
Lutjanus monostigma,tropical,60,59,35,Predator,solitary,UpperBenthic,scatterers,1,0,1
Lutjanus russellii,tropical,50,77,31,Predator,solitary,UpperBenthic,scatterers,0,1,0
Lutjanus semicinctus,tropical,35,26,35,Predator,solitary,UpperBenthic,scatterers,0,0,1
Lutjanus vitta,tropical,40,62,31.3,Predator,solitary,UpperBenthic,scatterers,0,1,0
Macolor macularis,tropical,60,87,NA,Predator,groups,UpperBenthic,scatterers,0,0,1
Macolor niger,tropical,75,88,NA,Predator,groups,UpperBenthic,scatterers,0,0,1
Macropharyngodon choati,subtropical,7.6,30,32.2,Predator,solitary,UpperBenthic,scatterers,0,1,0
Macropharyngodon kuiteri,tropical,10,50,32.2,Predator,solitary,UpperBenthic,scatterers,0,1,0
Macropharyngodon meleagris,tropical,15,30,28,Predator,groups,UpperBenthic,scatterers,1,1,1
Macropharyngodon negrosensis,tropical,12,24,25,Predator,solitary,UpperBenthic,scatterers,1,1,1
Macropharyngodon ornatus,tropical,13,28,26.5,Predator,solitary,UpperBenthic,scatterers,0,1,1
Macropharyngodon sp.,NA,13,28,26.5,Predator,NA,NA,NA,1,0,0
Malacanthus brevirostris,tropical,32,45,34,Predator,pairs,Demersal,scatterers,0,1,1
Malacanthus latovittatus,tropical,45,60,34,Predator,solitary,Demersal,scatterers,0,0,1
Manta birostris,tropical,910,120,0,Planktivore,solitary,Pelagic,Live bearers,0,1,0
Mecaenichthys immaculatus,subtropical,12,15,21,Herbivore,solitary,Benthic,Nesters,0,1,0
Meiacanthus atrodorsalis,tropical,11,29,21,Predator,solitary,Benthic,Nesters,1,0,0
Meiacanthus kamoharai,temperate,6,NA,NA,Predator,NA,NA,Nesters,1,0,0
Meiacanthus lineatus,subtropical,9.5,NA,24,Predator,solitary,UpperBenthic,Nesters,0,1,0
Melichthys niger,tropical,50,20,51.3,Herbivore,groups,UpperBenthic,NA,0,0,1
Melichthys vidua,tropical,40,56,51.3,Herbivore,solitary,UpperBenthic,Nesters,1,1,1
Meuschenia trachylepis,subtropical,40,30,37,Herbivore,pairs,Benthic,scatterers,0,1,0
Microcanthus strigatus,tropical,16,139,35,Omnivore,groups,UpperBenthic,scatterers,0,1,0
Monodactylus argenteus,tropical,27,50,46,Herbivore,schools,ReefPelagic,scatterers,0,1,0
Monotaxis grandoculis,tropical,60,99,33.3,Predator,groups,UpperBenthic,scatterers,1,1,1
Monotaxis heterodon,tropical,60,99,33.3,Predator,groups,UpperBenthic,scatterers,0,0,1
Mulloidichthys flavolineatus,tropical,43,75,60.1,Predator,schools,UpperBenthic,scatterers,1,1,1
Mulloidichthys vanicolensis,tropical,38,112,36.3,Predator,schools,UpperBenthic,scatterers,1,1,1
Myripristis adusta,tropical,35,24,53.8,Planktivore,solitary,SubBenthic,scatterers,0,0,1
Myripristis berndti,tropical,30,156,67,Planktivore,solitary,SubBenthic,scatterers,1,1,1
Myripristis hexagona,tropical,30,37,67,Planktivore,groups,NA,scatterers,1,0,0
Myripristis kuntee,tropical,26,56,53.8,Planktivore,solitary,CoralAssociated,scatterers,1,1,1
Myripristis murdjan,tropical,60,49,67,Planktivore,solitary,Benthic,scatterers,1,1,1
Myripristis sp.,tropical,25,49,67,Planktivore,schools,Benthic,scatterers,0,0,1
Myripristis violacea,tropical,35,27,67,Planktivore,NA,SubBenthic,scatterers,0,0,1
Myripristis vittata,tropical,25,77,67,Planktivore,schools,SubBenthic,scatterers,1,0,0
Naso annulatus,tropical,100,59,62.3,Planktivore,schools,ReefPelagic,scatterers,0,0,1
Naso brachycentron,tropical,90,22,62.3,Omnivore,groups,ReefPelagic,scatterers,0,1,0
Naso brevirostris,tropical,60,120,79.65,Herbivore,schools,ReefPelagic,scatterers,0,1,1
Naso caesius,tropical,45.6,35,91.2,Planktivore,solitary,ReefPelagic,NA,0,0,1
Naso hexacanthus,tropical,75,144,91.2,Planktivore,schools,ReefPelagic,scatterers,1,1,0
Naso lituratus,tropical,46,90,69.4,Herbivore,solitary,UpperBenthic,scatterers,1,1,1
Naso sp.,tropical,60,38,77.3,Planktivore,schools,UpperBenthic,scatterers,0,1,1
Naso tuberosus,tropical,60,NA,62.3,Herbivore,groups,ReefPelagic,scatterers,0,1,0
Naso unicornis,tropical,70,179,73.9,Herbivore,solitary,UpperBenthic,scatterers,1,1,1
Naso vlamingii,tropical,60,49,77.3,Planktivore,schools,UpperBenthic,scatterers,1,0,1
Nebrius ferrugineus,tropical,320,69,0,Apex,solitary,Demersal,Live bearers,0,0,1
Nemateleotris magnifica,tropical,9,64,22.5,Planktivore,pairs,Benthic,scatterers,1,0,1
Neoditrema ransonnetii,subtropical,13,NA,NA,Planktivore,schools,NA,Live bearers,1,0,0
Neoglyphidodon melas,tropical,18,11,14.5,Corrallivore,solitary,CoralAssociated,Nesters,1,1,0
Neoglyphidodon nigroris,tropical,13,21,17.5,Omnivore,solitary,Benthic,Nesters,1,1,0
Neoglyphidodon polyacanthus,subtropical,12,28,17.5,Planktivore,solitary,Benthic,Nesters,0,1,0
Neoniphon argenteus,tropical,24,17,41,Predator,groups,CoralAssociated,scatterers,1,0,1
Neoniphon opercularis,tropical,35,22,41,Predator,solitary,CoralAssociated,scatterers,0,0,1
Neoniphon sammara,tropical,32,46,49,Predator,schools,CoralAssociated,scatterers,1,0,1
Neopomacentrus azysron,tropical,7.5,11,18,Planktivore,groups,UpperBenthic,Nesters,0,1,0
Neopomacentrus bankieri,tropical,8,9,21,Planktivore,groups,UpperBenthic,Nesters,0,1,0
Neopomacentrus cyanomos,tropical,8,25,17.5,Planktivore,groups,UpperBenthic,Nesters,0,1,0
Neotrygon kuhlii,tropical,70,170,0,Predator,solitary,Demersal,Live bearers,0,1,0
Notolabrus gymnogenis,temperate,23,35,22.5,Predator,solitary,Benthic,scatterers,0,1,0
Novaculichthys taeniourus,tropical,30,22,48,Predator,pairs,Benthic,scatterers,1,1,1
Ogilbyina novaehollandiae,tropical,10,10,61,Predator,solitary,Demersal,Nesters,0,1,0
Ogilbyina queenslandiae,tropical,15,10,61,Predator,solitary,Demersal,Nesters,0,1,0
Olisthops cyanomelas,subtropical,35,14,20,Herbivore,solitary,Benthic,scatterers,0,1,0
Ophthalmolepis lineolata,subtropical,40,58,46.2,Predator,groups,UpperBenthic,scatterers,0,1,0
Oplegnathus fasciatus,subtropical,80,134,40,Predator,solitary,Benthic,scatterers,1,0,0
Oplegnathus punctatus,subtropical,86,132,40,Predator,solitary,Benthic,scatterers,1,0,0
Orectolobus maculatus,temperate,320,110,0,Apex,solitary,Demersal,Live bearers,0,1,0
Orectolobus ornatus,tropical,290,100,0,Apex,solitary,Demersal,Live bearers,0,1,0
Orectolobus sp.,tropical,290,100,0,Apex,solitary,Demersal,Live bearers,0,1,0
Ostorhinchus angustatus,tropical,11,59,19.7,Predator,solitary,Benthic,brooders,0,1,0
Ostorhinchus aureus,tropical,14.5,39,24.5,Predator,groups,Benthic,brooders,1,1,0
Ostorhinchus doederleini,subtropical,14,10,22.6,Predator,solitary,Benthic,brooders,1,0,0
Ostorhinchus endekataenia,tropical,14,20,21.1,Predator,groups,Benthic,brooders,1,0,0
Ostorhinchus fasciatus,tropical,10.3,126,18,Predator,groups,Benthic,brooders,0,1,0
Ostorhinchus lateralis,tropical,8,3,21.1,Predator,solitary,Benthic,brooders,0,0,1
Ostorhinchus luteus,tropical,4.4,48,21.1,Predator,groups,Benthic,brooders,1,0,1
Ostorhinchus notatus,tropical,10,20,NA,Predator,groups,Benthic,brooders,1,0,0
Ostorhinchus properuptus,subtropical,6,29,19.2,Planktivore,schools,Benthic,brooders,1,1,0
Ostorhinchus semilineatus,subtropical,12,100,NA,Predator,groups,Benthic,brooders,1,0,0
Ostorhinchus thermalis,tropical,8.5,20,22.6,Predator,groups,CoralAssociated,brooders,0,0,1
Ostracion cubicus,tropical,45,279,44.3,Predator,pairs,Benthic,scatterers,0,1,1
Ostracion immaculatus,temperate,25,NA,NA,Predator,pairs,Benthic,NA,1,0,0
Ostracion meleagris,tropical,25,29,61.5,Omnivore,solitary,Benthic,scatterers,1,1,1
Oxycheilinus arenatus,tropical,21,35,26.1,Predator,solitary,Benthic,scatterers,0,1,0
Oxycheilinus bimaculatus,tropical,15,108,50.5,Predator,solitary,Benthic,scatterers,1,1,1
Oxycheilinus digramma,tropical,40,57,26.1,Predator,solitary,UpperBenthic,scatterers,0,1,1
Oxycheilinus mentalis,tropical,20,19,26.1,Predator,solitary,Benthic,scatterers,1,0,0
Oxycheilinus orientalis,tropical,20,70,36.2,Predator,solitary,CoralAssociated,scatterers,0,0,1
Oxycheilinus unifasciatus,tropical,46,159,36.2,Predator,solitary,UpperBenthic,scatterers,1,0,1
Oxymonacanthus longirostris,tropical,12,34,20,Predator,pairs,CoralAssociated,scatterers,1,1,1
Pagrus auratus,subtropical,130,200,25,Predator,groups,ReefPelagic,scatterers,0,1,0
Paracaesio xanthura,tropical,50,145,30,Planktivore,schools,ReefPelagic,scatterers,0,1,0
Paracanthurus hepatus,tropical,31,38,37,Planktivore,groups,UpperBenthic,scatterers,0,1,0
Parachaetodon ocellatus,tropical,18,35,23.5,Predator,solitary,SubBenthic,scatterers,0,1,0
Paracirrhites arcatus,tropical,20,90,49.7,Predator,solitary,CoralAssociated,scatterers,1,1,1
Paracirrhites forsteri,tropical,22,34,49.7,Predator,solitary,CoralAssociated,scatterers,1,1,1
Paracirrhites hemistictus,tropical,29,19,49.7,Predator,solitary,CoralAssociated,scatterers,0,0,1
Parajulis poecilepterus,temperate,34,15,35,Predator,NA,UpperBenthic,Nesters,1,0,0
Paraluteres prionurus,tropical,11,24,28,Omnivore,pairs,Benthic,scatterers,1,1,0
Parapercis clathrata,tropical,24,47,41.6,Predator,pairs,Benthic,scatterers,1,1,1
Parapercis cylindrica,tropical,23,19,41.6,Omnivore,solitary,Benthic,scatterers,0,1,0
Parapercis millepunctata,tropical,18,47,41.6,Predator,solitary,Benthic,scatterers,0,1,0
Parapercis multiplicata,tropical,15,36,41.6,Predator,solitary,Benthic,scatterers,1,0,0
Parapercis pulchella,tropical,20,49,41.6,Predator,solitary,Benthic,scatterers,1,0,0
Parapercis ramsayi,subtropical,20,75,41.6,Predator,solitary,Benthic,scatterers,0,1,0
Parapercis snyderi,subtropical,11,30,41.6,Predator,solitary,Benthic,scatterers,1,0,0
Parapercis stricticeps,subtropical,18,20,41.6,Predator,solitary,Benthic,scatterers,0,1,0
Parapercis tetracantha,tropical,26,13,41.6,Predator,solitary,Benthic,scatterers,1,0,0
Paraplesiops poweri,subtropical,8.3,10,61,Predator,solitary,Benthic,Nesters,0,1,0
Parapriacanthus ransonneti,tropical,10,550,32.8,Planktivore,schools,SubBenthic,scatterers,0,1,0
Parapristipoma trilineatum,subtropical,40,40,40,Planktivore,schools,UpperBenthic,scatterers,1,0,0
Parma microlepis,temperate,14,28,21,Herbivore,solitary,Benthic,Nesters,0,1,0
Parma oligolepis,tropical,16.5,18,21,Herbivore,solitary,Benthic,Nesters,0,1,0
Parma polylepis,temperate,21,39,21,Herbivore,solitary,Benthic,Nesters,0,1,0
Parma unifasciata,temperate,18,29,21,Herbivore,solitary,Benthic,Nesters,0,1,0
Parupeneus barberinoides,tropical,30,99,42.3,Predator,solitary,Benthic,scatterers,0,0,1
Parupeneus barberinus,tropical,60,99,38.6,Predator,solitary,Benthic,scatterers,1,0,1
Parupeneus biaculeatus,subtropical,24,9,50,Predator,groups,Benthic,scatterers,1,0,0
Parupeneus ciliatus,tropical,38,89,50,Predator,solitary,Benthic,scatterers,1,1,0
Parupeneus crassilabris,tropical,38,79,38.6,NA,solitary,Benthic,scatterers,1,0,0
Parupeneus cyclostomus,tropical,50,123,38.6,Predator,pairs,Benthic,scatterers,1,1,1
Parupeneus indicus,tropical,45,20,33,Predator,pairs,Benthic,NA,1,0,0
Parupeneus insularis,tropical,30,79,38.6,Predator,solitary,Benthic,scatterers,0,0,1
Parupeneus multifasciatus,tropical,35,158,45,Predator,solitary,Benthic,scatterers,1,1,1
Parupeneus pleurostigma,tropical,33,119,50,Predator,solitary,Benthic,scatterers,0,1,1
Parupeneus spilurus,subtropical,50,50,50,Predator,groups,UpperBenthic,scatterers,1,1,0
Pempheris adusta,subtropical,17,20,32.8,Planktivore,schools,SubBenthic,scatterers,1,0,0
Pempheris affinis,temperate,15,23,32.8,Planktivore,schools,SubBenthic,scatterers,0,1,0
Pempheris compressa,temperate,20,23,32.8,Planktivore,schools,SubBenthic,scatterers,0,1,0
Pempheris schwenkii,tropical,15,35,32.8,Planktivore,schools,Benthic,scatterers,1,0,0
Pempheris ypsilychnus,tropical,12,23,32.8,Planktivore,schools,Benthic,scatterers,0,1,0
Pentapodus emeryii,tropical,35,22,19,Predator,solitary,UpperBenthic,scatterers,0,1,1
Pentapodus paradiseus,tropical,30,60,19,Predator,solitary,UpperBenthic,scatterers,0,1,0
Pervagor alternans,tropical,16,15,28,Omnivore,pairs,Benthic,scatterers,0,1,1
Pervagor janthinosoma,tropical,13,12,28,Omnivore,pairs,Benthic,scatterers,1,1,0
Pervagor melanocephalus,tropical,16,20,28,Omnivore,pairs,Benthic,scatterers,1,0,0
Petroscirtes breviceps,tropical,11,14,24,Omnivore,solitary,Demersal,demersal,1,0,0
Petroscirtes fallax,subtropical,9.5,NA,21,Detritivore,solitary,Demersal,Nesters,0,1,0
Petroscirtes mitratus,tropical,8.5,4,24.5,Herbivore,solitary,Demersal,demersal,0,0,1
Pictilabrus laticlavius,temperate,23,38,46.2,Predator,solitary,AlgaeAssociated,scatterers,0,1,0
Plagiotremus laudandus,tropical,8,29,24,Predator,solitary,UpperBenthic,demersal,0,0,1
Plagiotremus rhinorhynchos,tropical,12,39,24,Predator,solitary,Benthic,Nesters,1,1,0
Plagiotremus tapeinosoma,tropical,14,29,24,Predator,solitary,UpperBenthic,Nesters,1,1,1
Platax batavianus,tropical,65,35,25,Omnivore,solitary,UpperBenthic,scatterers,0,1,0
Platax orbicularis,tropical,60,25,25,Omnivore,groups,UpperBenthic,NA,1,1,0
Platax teira,tropical,70,22,25,Predator,groups,UpperBenthic,scatterers,0,1,0
Platycephalus fuscus,subtropical,120,30,50,Predator,solitary,Demersal,scatterers,0,1,0
Plectorhinchus chaetodonoides,tropical,72,29,21,Predator,solitary,Benthic,scatterers,0,0,1
Plectorhinchus diagrammus,tropical,40,14,21,Predator,solitary,Benthic,scatterers,1,0,0
Plectorhinchus flavomaculatus,tropical,60,23,21,Predator,groups,Benthic,scatterers,1,1,0
Plectorhinchus gibbosus,tropical,75,17,20,Predator,groups,Benthic,scatterers,0,1,0
Plectorhinchus lessonii,tropical,40,34,21,Predator,solitary,Benthic,scatterers,1,0,0
Plectorhinchus picus,tropical,84,47,21,Predator,solitary,Benthic,scatterers,1,0,0
Plectorhinchus vittatus,tropical,72,23,21,Predator,solitary,Benthic,scatterers,1,0,0
Plectroglyphidodon dickii,tropical,11,14,26.6,Corrallivore,solitary,CoralAssociated,Nesters,1,1,1
Plectroglyphidodon imparipennis,tropical,9,6,29.7,Omnivore,solitary,Benthic,Nesters,0,0,1
Plectroglyphidodon johnstonianus,tropical,14,17,31.7,Corrallivore,solitary,CoralAssociated,Nesters,1,1,1
Plectroglyphidodon lacrymatus,tropical,10,39,22.35,Herbivore,solitary,Benthic,Nesters,1,1,1
Plectroglyphidodon leucozonus,tropical,12,6,29.7,Herbivore,solitary,Benthic,Nesters,0,1,0
Plectropomus areolatus,tropical,73,19,25.2,Predator,solitary,Benthic,scatterers,0,1,1
Plectropomus laevis,tropical,125,96,25.2,Predator,solitary,Benthic,scatterers,0,0,1
Plectropomus leopardus,tropical,120,97,25.2,Predator,solitary,UpperBenthic,scatterers,1,1,1
Plectropomus maculatus,tropical,100,95,27,Predator,solitary,UpperBenthic,scatterers,0,1,0
Plectropomus oligacanthus,tropical,75,142,25.2,Predator,pairs,UpperBenthic,scatterers,0,0,1
Plotosus japonicus,temperate,18.3,59,NA,Predator,schools,Benthic,demersal,1,0,0
Pomacanthus imperator,tropical,40,99,22,Omnivore,pairs,Benthic,scatterers,1,1,1
Pomacanthus semicirculatus,tropical,40,39,19.5,Omnivore,pairs,UpperBenthic,scatterers,1,1,0
Pomacanthus sexstriatus,tropical,46,57,18,Predator,pairs,UpperBenthic,scatterers,1,0,0
Pomacentrus alexanderae,tropical,9,55,NA,Omnivore,solitary,NA,Nesters,1,0,0
Pomacentrus amboinensis,tropical,9,38,19.5,Planktivore,solitary,Benthic,Nesters,1,1,1
Pomacentrus australis,tropical,8,30,25,Planktivore,solitary,Benthic,Nesters,0,1,0
Pomacentrus bankanensis,tropical,9,12,18.4,Herbivore,solitary,Benthic,Nesters,1,1,0
Pomacentrus brachialis,tropical,8,34,18,Planktivore,solitary,UpperBenthic,Nesters,1,1,1
Pomacentrus burroughi,tropical,8.5,14,16.8,Omnivore,solitary,CoralAssociated,Nesters,0,1,0
Pomacentrus chrysurus,tropical,9,3,17,Omnivore,solitary,Benthic,Nesters,0,1,0
Pomacentrus coelestis,tropical,9,19,19.1,Omnivore,groups,Benthic,Nesters,1,1,1
Pomacentrus imitator,tropical,11,23,22.35,Planktivore,solitary,UpperBenthic,Nesters,0,1,0
Pomacentrus lepidogenys,tropical,9,11,20,Planktivore,groups,UpperBenthic,Nesters,1,1,0
Pomacentrus moluccensis,tropical,9,13,19.17,Planktivore,solitary,Benthic,Nesters,1,1,0
Pomacentrus nagasakiensis,tropical,11,32,22.35,Planktivore,solitary,Benthic,Nesters,1,0,0
Pomacentrus nigromanus,tropical,9,54,21.66,Planktivore,solitary,Benthic,Nesters,0,1,0
Pomacentrus pavo,tropical,8.5,17,26.24,Planktivore,groups,UpperBenthic,Nesters,1,1,1
Pomacentrus philippinus,tropical,10,11,16,Omnivore,solitary,UpperBenthic,Nesters,1,0,0
Pomacentrus vaiuli,tropical,10,44,21.5,Omnivore,solitary,Benthic,Nesters,1,1,1
Pomacentrus wardi,tropical,8,19,21.66,Herbivore,solitary,Benthic,Nesters,0,1,0
Pomacentrus yoshii,tropical,10,20,16,Omnivore,groups,UpperBenthic,Nesters,0,0,1
Pomachromis exilis,tropical,5,9,21.7,Planktivore,groups,UpperBenthic,Nesters,0,0,1
Pomachromis richardsoni,tropical,6,20,21.7,Planktivore,groups,UpperBenthic,Nesters,1,0,0
Priacanthus hamrur,tropical,45,242,32.8,Predator,groups,Benthic,scatterers,1,1,0
Priacanthus macracanthus,subtropical,30,388,32.8,Predator,groups,Benthic,scatterers,0,1,0
Prionurus maculatus,subtropical,45,15,59.65,Herbivore,schools,UpperBenthic,scatterers,0,1,0
Prionurus microlepidotus,subtropical,70,20,59.65,Omnivore,schools,UpperBenthic,scatterers,0,1,0
Prionurus scalprum,subtropical,50,NA,59.65,Herbivore,groups,Benthic,scatterers,1,0,0
Pristiapogon exostigma,tropical,12,37,33.5,Predator,solitary,Benthic,brooders,0,0,1
Pristiapogon fraenatus,tropical,10,47,25.3,Predator,solitary,Benthic,brooders,0,0,1
Pristiapogon kallopterus,tropical,15.5,155,25.3,Predator,solitary,CoralAssociated,brooders,0,0,1
Pseudanthias cooperi,tropical,14,81,26,Planktivore,schools,UpperBenthic,scatterers,0,1,0
Pseudanthias dispar,tropical,9.5,17,26,Planktivore,schools,UpperBenthic,scatterers,0,0,1
Pseudanthias fasciatus,tropical,21,130,26,Planktivore,schools,UpperBenthic,scatterers,0,1,0
Pseudanthias hypselosoma,tropical,19,44,26,Planktivore,schools,UpperBenthic,scatterers,1,1,0
Pseudanthias pascalus,tropical,20,55,26,Planktivore,schools,UpperBenthic,scatterers,1,0,1
Pseudanthias pictilis,subtropical,13.5,28,26,Planktivore,schools,UpperBenthic,scatterers,0,1,0
Pseudanthias squamipinnis,tropical,15,55,26,Planktivore,schools,UpperBenthic,scatterers,1,1,0
Pseudobalistes flavimarginatus,tropical,60,48,44.5,Predator,solitary,UpperBenthic,Nesters,0,0,1
Pseudobalistes fuscus,tropical,55,20,44.5,Omnivore,solitary,UpperBenthic,Nesters,0,1,1
Pseudoblennius cottoides,temperate,13,13,32,Predator,solitary,Benthic,Nesters,1,0,0
Pseudoblennius marmoratus,temperate,11,13,32,Predator,solitary,Benthic,Nesters,1,0,0
Pseudoblennius zonostigma,temperate,12,12,32,Predator,solitary,Benthic,Nesters,1,0,0
Pseudocaranx dentex,subtropical,122,228,50,Predator,groups,Pelagic,scatterers,0,1,0
Pseudocheilinus evanidus,tropical,9,55,42.5,Predator,solitary,Benthic,scatterers,1,0,1
Pseudocheilinus hexataenia,tropical,10,34,36,Predator,solitary,CoralAssociated,scatterers,1,1,1
Pseudocheilinus ocellatus,tropical,10.3,38,44.2,Predator,solitary,SubBenthic,scatterers,0,0,1
Pseudocheilinus octotaenia,tropical,14,48,44.2,Predator,solitary,CoralAssociated,scatterers,1,0,1
Pseudocheilinus tetrataenia,tropical,7.5,38,49.3,Predator,solitary,CoralAssociated,scatterers,0,0,1
Pseudochromis fuscus,tropical,10,28,61,Predator,solitary,Benthic,scatterers,0,1,0
Pseudochromis marshallensis,tropical,8,30,61,Predator,solitary,Benthic,scatterers,1,0,1
Pseudocoris yamashiroi,tropical,16,25,42.4,Planktivore,schools,UpperBenthic,scatterers,1,0,1
Pseudodax moluccanus,tropical,30,57,42.4,Omnivore,solitary,UpperBenthic,scatterers,0,0,1
Pseudojuloides cerasinus,tropical,14,59,42.4,Predator,solitary,UpperBenthic,scatterers,0,1,0
Pseudojuloides elongatus,temperate,14,10,42.4,Predator,solitary,UpperBenthic,scatterers,0,1,0
Pseudolabrus eoethinus,temperate,20,10,22,Predator,groups,UpperBenthic,scatterers,1,0,0
Pseudolabrus guentheri,subtropical,18,20,22.5,Predator,solitary,UpperBenthic,scatterers,0,1,0
Pseudolabrus luculentus,temperate,17,40,22.5,Predator,solitary,UpperBenthic,scatterers,0,1,0
Pseudolabrus sieboldi,temperate,25,98,22,Predator,groups,UpperBenthic,scatterers,1,0,0
Pteragogus aurigarius,subtropical,17,10.5,21.3,Predator,solitary,Benthic,scatterers,1,0,0
Pteragogus cryptus,tropical,9.5,65,20.6,Predator,solitary,Benthic,scatterers,0,0,1
Pteragogus enneacanthus,tropical,15,22,20.6,Omnivore,solitary,Benthic,scatterers,0,1,0
Ptereleotris evides,tropical,14,13,22.5,Planktivore,schools,UpperBenthic,scatterers,1,1,1
Ptereleotris hanae,tropical,12,47,22.5,Planktivore,pairs,SandAssociated,scatterers,1,0,0
Ptereleotris heteroptera,tropical,14,41,22.5,Planktivore,pairs,SandAssociated,scatterers,0,0,1
Ptereleotris microlepis,tropical,13,49,22.5,Planktivore,schools,SandAssociated,scatterers,0,1,1
Pterocaesio chrysozona,tropical,21,23,42,Planktivore,schools,ReefPelagic,scatterers,0,1,0
Pterocaesio digramma,tropical,30,50,42,Planktivore,schools,ReefPelagic,scatterers,0,1,0
Pterocaesio tile,tropical,30,59,22,Planktivore,schools,ReefPelagic,scatterers,0,1,1
Pterocaesio trilineata,tropical,20,29,42,Planktivore,schools,ReefPelagic,scatterers,0,0,1
Pterogobius elapoides,temperate,8.3,25,NA,Predator,solitary,ReefPelagic,Nesters,1,0,0
Pterogobius virgo,temperate,25,12,NA,Predator,solitary,Benthic,Nesters,1,0,0
Pterogobius zacalles,temperate,16.2,10,NA,Predator,solitary,Benthic,Nesters,1,0,0
Pterogobius zonoleucus,temperate,6.7,25,NA,Predator,solitary,Benthic,Nesters,1,0,0
Pterois volitans,tropical,38,53,32.5,Predator,solitary,Benthic,scatterers,1,1,0
Pygoplites diacanthus,tropical,26,80,24.5,Omnivore,pairs,SubBenthic,NA,1,0,1
Rachycentron canadum,subtropical,200,1200,27,Predator,solitary,Pelagic,scatterers,0,1,0
Rastrelliger kanagurta,tropical,35,70,20,Planktivore,schools,Pelagic,scatterers,0,1,0
Remora remora,subtropical,86,200,448,Predator,solitary,Pelagic,scatterers,0,1,0
Rhabdosargus sarba,tropical,80,57,25,Predator,groups,ReefPelagic,scatterers,0,1,0
Rhinecanthus aculeatus,tropical,30,5,45,Predator,solitary,Benthic,Nesters,0,0,1
Rhinecanthus lunula,subtropical,28,40,45,Predator,solitary,Benthic,Nesters,0,1,0
Rhinecanthus rectangulus,tropical,30,5,43.5,Omnivore,solitary,Benthic,Nesters,0,0,1
Sargocentron caudimaculatum,tropical,25,23,40.3,Predator,solitary,Benthic,scatterers,1,1,1
Sargocentron diadema,tropical,17,59,35.9,Predator,groups,Benthic,scatterers,1,1,1
Sargocentron rubrum,tropical,32,83,40.3,Predator,solitary,Benthic,scatterers,1,0,0
Sargocentron sp.,tropical,25,59,35.9,Predator,solitary,Benthic,scatterers,0,1,0
Sargocentron spiniferum,tropical,51,121,39.8,Predator,solitary,Benthic,scatterers,0,0,1
Sargocentron tiere,tropical,33,182,40.3,Predator,solitary,Benthic,scatterers,0,0,1
Saurida gracilis,tropical,32,135,42,Predator,solitary,Benthic,scatterers,1,0,0
Scarus altipinnis,tropical,60,49,33.8,Herbivore,groups,UpperBenthic,scatterers,0,0,1
Scarus chameleon,tropical,31,27,29,Herbivore,schools,UpperBenthic,scatterers,1,1,1
Scarus dimidiatus,tropical,40,24,29,Herbivore,solitary,UpperBenthic,scatterers,0,0,1
Scarus festivus,tropical,45,27,29,Herbivore,solitary,UpperBenthic,scatterers,1,1,1
Scarus flavipectoralis,tropical,40,38,29,Herbivore,solitary,UpperBenthic,scatterers,0,1,1
Scarus forsteni,tropical,55,27,29,Herbivore,solitary,UpperBenthic,scatterers,1,1,1
Scarus frenatus,tropical,47,24,29,Herbivore,solitary,UpperBenthic,scatterers,1,1,1
Scarus fuscocaudalis,tropical,25,25,28.2,Herbivore,solitary,UpperBenthic,scatterers,1,1,1
Scarus ghobban,tropical,90,34,29.7,Herbivore,solitary,UpperBenthic,scatterers,1,1,1
Scarus globiceps,tropical,45,29,29,Herbivore,groups,UpperBenthic,scatterers,0,0,1
Scarus hypselopterus,tropical,31,20,29,Herbivore,solitary,UpperBenthic,scatterers,1,0,0
Scarus niger,tropical,40,20,30.4,Herbivore,solitary,UpperBenthic,scatterers,1,1,1
Scarus oviceps,tropical,35,19,29,Herbivore,solitary,UpperBenthic,scatterers,1,0,1
Scarus ovifrons,subtropical,78,17,29,Herbivore,groups,UpperBenthic,scatterers,1,0,0
Scarus prasiognathos,tropical,70,24,29,Herbivore,groups,UpperBenthic,scatterers,1,0,0
Scarus psittacus,tropical,30,23,29,Herbivore,solitary,UpperBenthic,scatterers,1,1,1
Scarus rivulatus,tropical,40,19,37,Herbivore,schools,UpperBenthic,scatterers,1,0,1
Scarus rubroviolaceus,tropical,70,35,37,Herbivore,solitary,UpperBenthic,scatterers,1,1,1
Scarus schlegeli,tropical,40,49,30.4,Herbivore,solitary,UpperBenthic,scatterers,1,0,1
Scarus sp.,tropical,30,29,30.4,Herbivore,solitary,UpperBenthic,scatterers,1,1,1
Scarus spinus,tropical,30,23,29,Herbivore,solitary,UpperBenthic,scatterers,1,0,1
Schuettea scalaripinnis,subtropical,20,20,46,Planktivore,schools,UpperBenthic,scatterers,0,1,0
Scolopsis affinis,tropical,24,57,19,Predator,solitary,UpperBenthic,scatterers,0,1,0
Scolopsis bilineata,tropical,25,24,25,Predator,solitary,UpperBenthic,scatterers,1,1,0
Scolopsis ciliata,tropical,25,23,25,Predator,groups,UpperBenthic,scatterers,1,0,0
Scolopsis lineata,tropical,25,19,25,Predator,groups,UpperBenthic,scatterers,0,0,1
Scolopsis margaritifera,tropical,28,23,25,Predator,solitary,UpperBenthic,scatterers,0,1,0
Scolopsis monogramma,tropical,38,48,25,Predator,solitary,UpperBenthic,scatterers,0,1,0
Scomberoides lysan,tropical,110,100,57.6,Predator,schools,Pelagic,scatterers,0,1,0
Scorpaena cardinalis,temperate,18,152,22,Predator,solitary,Benthic,demersal,0,1,0
Scorpaenodes evides,subtropical,10.5,39,32.4,Piscivore,solitary,Benthic,demersal,1,0,0
Scorpis lineolata,temperate,30,29,35,Planktivore,schools,ReefPelagic,scatterers,0,1,0
Sebastapistes cyanostigma,tropical,10,28,32.4,Predator,solitary,CoralAssociated,scatterers,1,0,0
Sebastes inermis,subtropical,35,28,87,Predator,groups,Benthic,Live bearers,1,0,0
Sebastes joyneri,temperate,30,28,120,Predator,groups,Benthic,Live bearers,1,0,0
Sebastiscus marmoratus,subtropical,30,20,80,Predator,solitary,Benthic,Live bearers,1,0,0
Selar boops,subtropical,25,465,50,Planktivore,schools,Pelagic,scatterers,0,1,0
Selaroides leptolepis,subtropical,22,49,50,Predator,schools,Pelagic,scatterers,0,1,0
Seriola dumerili,subtropical,190,359,57.6,Predator,schools,Pelagic,scatterers,0,1,0
Seriola lalandi,subtropical,250,822,57.6,Predator,schools,Pelagic,scatterers,0,1,0
Siganus argenteus,tropical,40,40,27.5,Herbivore,schools,UpperBenthic,scatterers,1,1,1
Siganus corallinus,tropical,34,27,23,Herbivore,pairs,CoralAssociated,scatterers,1,0,0
Siganus fuscescens,subtropical,40,50,19.2,Herbivore,schools,UpperBenthic,scatterers,1,1,0
Siganus punctatus,tropical,40,39,23.5,Herbivore,pairs,UpperBenthic,scatterers,1,0,1
Siganus spinus,tropical,28,49,22,Herbivore,pairs,UpperBenthic,scatterers,0,1,1
Siganus unimaculatus,tropical,20,29,23.5,Omnivore,pairs,UpperBenthic,scatterers,1,0,0
Siganus vermiculatus,tropical,45,20,23,Herbivore,schools,UpperBenthic,demersal,0,0,1
Siganus virgatus,tropical,30,19,23.9,Omnivore,pairs,UpperBenthic,scatterers,1,0,0
Siganus vulpinus,tropical,25,28,23.5,Herbivore,pairs,CoralAssociated,scatterers,0,0,1
Siphamia cephalotes,temperate,5,7,20,Planktivore,schools,Benthic,brooders,0,1,0
Siphamia tubifer,tropical,5,100,41.3,Predator,groups,EchinodermAssociated,brooders,0,0,1
Sphyraena flavicauda,tropical,60,23,22,Predator,schools,ReefPelagic,scatterers,0,1,0
Sphyraena qenie,tropical,170,99,22,Predator,schools,ReefPelagic,scatterers,0,1,0
Stegastes altus,subtropical,15,15,29.7,Herbivore,solitary,Benthic,Nesters,1,0,0
Stegastes apicalis,subtropical,15,4,29.7,Herbivore,solitary,Benthic,Nesters,0,1,0
Stegastes fasciolatus,tropical,16.5,29,29.95,Herbivore,solitary,Benthic,Nesters,1,1,1
Stegastes gascoynei,subtropical,15,29,29.7,Herbivore,solitary,Benthic,Nesters,0,1,0
Stegastes lividus,tropical,15,5,25,Herbivore,solitary,Benthic,Nesters,0,0,1
Stegastes nigricans,tropical,14,11,31.68,Herbivore,groups,Benthic,Nesters,0,0,1
Stegostoma fasciatum,tropical,354,63,0,Apex,solitary,UpperBenthic,Live bearers,0,1,0
Stephanolepis cirrhifer,temperate,30,10,50,Omnivore,solitary,Benthic,demersal,1,0,0
Stethojulis bandanensis,tropical,15,27,27,Predator,solitary,UpperBenthic,scatterers,1,1,1
Stethojulis interrupta,tropical,13,18,42.1,Predator,solitary,UpperBenthic,scatterers,0,1,1
Stethojulis strigiventer,tropical,15,13,23.4,Predator,solitary,UpperBenthic,scatterers,0,1,1
Stethojulis terina,temperate,12.6,5,42.1,Predator,solitary,UpperBenthic,scatterers,1,0,0
Stethojulis trilineata,tropical,15,20,23.4,Predator,solitary,UpperBenthic,scatterers,0,1,1
Suezichthys arquatus,subtropical,13.5,87,22.5,Predator,solitary,UpperBenthic,scatterers,1,1,0
Sufflamen bursa,tropical,25,87,51.3,Omnivore,solitary,UpperBenthic,Nesters,1,1,1
Sufflamen chrysopterum,tropical,30,29,51.3,Omnivore,solitary,UpperBenthic,Nesters,1,1,1
Sufflamen fraenatum,tropical,38,178,51.3,Omnivore,solitary,UpperBenthic,Nesters,1,1,0
Symphorichthys spilurus,tropical,60,55,30,Predator,solitary,ReefPelagic,scatterers,0,1,0
Synodus dermatogenys,tropical,24,90,42,Piscivore,solitary,Benthic,scatterers,1,0,1
Synodus variegatus,tropical,40,118,42,Predator,pairs,Benthic,scatterers,1,0,1
Taeniamia fucata,tropical,10,58,21.1,Predator,schools,Benthic,brooders,0,1,1
Taeniamia zosterophora,tropical,8,39,21.1,Predator,schools,CoralAssociated,brooders,0,1,0
Taeniura lymma,tropical,35,19,0,Predator,solitary,Demersal,Live bearers,0,1,0
Takifugu poecilonotus,temperate,20,21,38,Predator,groups,Benthic,scatterers,1,0,0
Thalassoma amblycephalum,tropical,16,14,71.5,Planktivore,groups,UpperBenthic,scatterers,1,1,1
Thalassoma cupido,temperate,20,3.5,NA,Predator,groups,UpperBenthic,scatterers,1,0,0
Thalassoma hardwicke,tropical,20,15,54.5,Predator,solitary,UpperBenthic,scatterers,1,1,1
Thalassoma jansenii,tropical,20,14,63.3,Predator,solitary,UpperBenthic,scatterers,1,1,0
Thalassoma lunare,tropical,45,19,50.12,Predator,schools,UpperBenthic,scatterers,1,1,1
Thalassoma lutescens,tropical,30,29,78,Predator,schools,UpperBenthic,scatterers,1,1,1
Thalassoma purpureum,tropical,46,10,57.7,Predator,solitary,UpperBenthic,scatterers,0,1,1
Thalassoma quinquevittatum,tropical,17,40,56.4,Predator,groups,UpperBenthic,scatterers,0,0,1
Thalassoma trilobatum,tropical,30,10,78.3,Predator,solitary,UpperBenthic,scatterers,1,0,1
Trachinops taeniatus,temperate,12,15,35,Predator,schools,UpperBenthic,Nesters,0,1,0
Trachinotus baillonii,tropical,60,7,57.6,Piscivore,groups,ReefPelagic,scatterers,0,1,1
Trachurus declivis,temperate,64,433,50,Predator,schools,Pelagic,scatterers,0,1,0
Trachurus novaezelandiae,subtropical,50,478,50,Predator,schools,Pelagic,scatterers,0,1,0
Triaenodon obesus,tropical,213,329,0,Apex,solitary,Benthic,Live bearers,0,1,1
Trimma tevegae,tropical,4.5,30,33.9,Predator,groups,Benthic,NA,0,0,1
Trygonoptera testacea,temperate,47,130,0,Predator,solitary,Demersal,Live bearers,0,1,0
Upeneichthys lineatus,subtropical,40,95,31.1,Predator,solitary,UpperBenthic,scatterers,0,1,0
Upeneus tragula,tropical,25,42,31.1,Predator,solitary,Benthic,scatterers,1,1,0
Valenciennea puellaris,tropical,20,28,39.5,Omnivore,solitary,Demersal,Nesters,0,1,1
Valenciennea sexguttata,tropical,14,22,39.5,Omnivore,pairs,Demersal,Nesters,0,0,1
Valenciennea strigata,tropical,18,24,39.5,Omnivore,solitary,Demersal,Nesters,0,1,0
Variola albimarginata,tropical,83,196,25.2,Predator,solitary,UpperBenthic,scatterers,0,0,1
Variola louti,tropical,83,297,25.2,Predator,solitary,UpperBenthic,scatterers,1,1,1
Variola sp.,tropical,83,297,25.2,Predator,solitary,UpperBenthic,scatterers,0,1,0
Vellitor centropomus,temperate,12,15,NA,Predator,solitary,Benthic,demersal,1,0,0
Zanclus cornutus,tropical,23,179,57.9,Omnivore,solitary,UpperBenthic,scatterers,1,1,1
Zebrasoma flavescens,tropical,20,44,54,Herbivore,solitary,UpperBenthic,scatterers,1,0,1
Zebrasoma flavxscopas,tropical,40,44,55.2,Predator,solitary,UpperBenthic,scatterers,1,0,1
Zebrasoma scopas,tropical,40,59,55.2,Predator,groups,UpperBenthic,scatterers,1,1,1
Zebrasoma velifer,tropical,40,44,35.75,Predator,pairs,UpperBenthic,scatterers,1,1,1
Zoarchias macrocephalus,subtropical,12.3,10,NA,Planktivore,solitary,Benthic,Nesters,1,0,0
Zoramia fragilis,tropical,5.5,14,21.1,Planktivore,schools,Benthic,brooders,0,1,1
Zoramia gilberti,tropical,5.5,8,21.1,Planktivore,schools,Benthic,brooders,0,0,1
